id,url,social_media_links,tech_stack,meta_title,meta_description,payment_gateways,website_language,category
1,https://www.google.com,https://www.youtube.com/?tab=w1,,Google,,,en-IN,Others
2,https://www.bing.com,,,Bing,"Bing helps you turn information into action, making it faster and easier to go from searching to doing.",,en,Others
3,https://www.yahoo.com,,React,"Yahoo | Mail, Weather, Search, Politics, News, Finance, Sports & Videos","Latest news coverage, email, free stock quotes, live scores and video are just the beginning. Discover more every day at Yahoo!",,en-US,Others
4,https://www.duckduckgo.com,,,"DuckDuckGo — Privacy, simplified.","The Internet privacy company that empowers you to seamlessly take control of your personal information online, without any tradeoffs.",,en-US,Others
5,https://www.facebook.com,"https://www.facebook.com/recover/initiate/?privacy_mutation_token=eyJ0eXBlIjowLCJjcmVhdGlvbl90aW1lIjoxNzE4NjEzODEyLCJjYWxsc2l0ZV9pZCI6MzgxMjI5MDc5NTc1OTQ2fQ%3D%3D&ars=facebook_login&next, https://pa-in.facebook.com/, https://ur-pk.facebook.com/, https://gu-in.facebook.com/, https://bn-in.facebook.com/, https://ta-in.facebook.com/, https://te-in.facebook.com/, https://ml-in.facebook.com/, https://kn-in.facebook.com/, https://en-gb.facebook.com/, https://es-la.facebook.com/, https://www.facebook.com/watch/, https://pay.facebook.com/, https://l.facebook.com/l.php?u=https%3A%2F%2Fwww.instagram.com%2F&h=AT3FOHoibKQGnfCbK9SHtrwopKJw1tx-QIS3ZLaOtSTUgeNITpZKsp4bMKUtJtAO4oaecdQ1E59pk1jkokVmloD0IHo4gwGj-2fcq1Cge-m0l8J0Yp8UxA6KSgk4vDkenDCcItO3wAdIwvCXuVtplugdQRwhh99j, /privacy/policy/?entry_point=facebook_page_footer, /privacy/center/?entry_point=facebook_page_footer, https://developers.facebook.com/?ref=pf, https://www.facebook.com/help/568137493302217",,Facebook - लॉग इन या साइन अप करें,"अपने दोस्तों, परिवार और परिचित लोगों से शेयर करना और कनेक्ट करना शुरू करने के लिए Facebook में लॉग इन करें.",,hi,Others
6,https://www.twitter.com,,,x.com,,,,Others
7,https://www.linkedin.com,"/legal/user-agreement?trk=linkedin-tc_auth-button_user-agreement, /legal/privacy-policy?trk=linkedin-tc_auth-button_privacy-policy, /legal/cookie-policy?trk=linkedin-tc_auth-button_cookie-policy, https://www.linkedin.com/pulse/topics/home/?trk=guest_homepage-basic_guest_nav_menu_articles, https://www.linkedin.com/pub/dir/+/+?trk=guest_homepage-basic_guest_nav_menu_people, https://www.linkedin.com/learning/search?trk=guest_homepage-basic_guest_nav_menu_learning, https://www.linkedin.com/jobs/search?trk=guest_homepage-basic_guest_nav_menu_jobs, https://www.linkedin.com/games?trk=guest_homepage-basic_guest_nav_menu_games, https://www.linkedin.com/signup?trk=guest_homepage-basic_nav-header-join, https://www.linkedin.com/login?fromSignIn=true&trk=guest_homepage-basic_nav-header-signin, https://www.linkedin.com/uas/request-password-reset?trk=homepage-basic_forgot_password, https://www.linkedin.com/signup, https://www.linkedin.com/pulse/topics/marketing-s2461/, https://www.linkedin.com/pulse/topics/public-administration-s3697/, https://www.linkedin.com/pulse/topics/healthcare-s282/, https://www.linkedin.com/pulse/topics/engineering-s166/, https://www.linkedin.com/pulse/topics/it-services-s57547/, https://www.linkedin.com/pulse/topics/sustainability-s932/, https://www.linkedin.com/pulse/topics/business-administration-s50111/, https://www.linkedin.com/pulse/topics/telecommunications-s314/, https://www.linkedin.com/pulse/topics/hr-management-s50359/, https://www.linkedin.com/pulse/topics/home/, https://www.linkedin.com/jobs/engineering-jobs-chandigarh?trk=homepage-basic_suggested-search, https://www.linkedin.com/jobs/business-development-jobs-chandigarh?trk=homepage-basic_suggested-search, https://www.linkedin.com/jobs/finance-jobs-chandigarh?trk=homepage-basic_suggested-search, https://www.linkedin.com/jobs/administrative-assistant-jobs-chandigarh?trk=homepage-basic_suggested-search, https://www.linkedin.com/jobs/retail-associate-jobs-chandigarh?trk=homepage-basic_suggested-search, https://www.linkedin.com/jobs/customer-service-jobs-chandigarh?trk=homepage-basic_suggested-search, https://www.linkedin.com/jobs/operations-jobs-chandigarh?trk=homepage-basic_suggested-search, https://www.linkedin.com/jobs/information-technology-jobs-chandigarh?trk=homepage-basic_suggested-search, https://www.linkedin.com/jobs/marketing-jobs-chandigarh?trk=homepage-basic_suggested-search, https://www.linkedin.com/jobs/human-resources-jobs-chandigarh?trk=homepage-basic_suggested-search, https://www.linkedin.com/jobs/healthcare-services-jobs-chandigarh?trk=homepage-basic_suggested-search, https://www.linkedin.com/jobs/sales-jobs-chandigarh?trk=homepage-basic_suggested-search, https://www.linkedin.com/jobs/program-and-project-management-jobs-chandigarh?trk=homepage-basic_suggested-search, https://www.linkedin.com/jobs/accounting-jobs-chandigarh?trk=homepage-basic_suggested-search, https://www.linkedin.com/jobs/arts-and-design-jobs-chandigarh?trk=homepage-basic_suggested-search, https://www.linkedin.com/jobs/community-and-social-services-jobs-chandigarh?trk=homepage-basic_suggested-search, https://www.linkedin.com/jobs/consulting-jobs-chandigarh?trk=homepage-basic_suggested-search, https://www.linkedin.com/jobs/education-jobs-chandigarh?trk=homepage-basic_suggested-search, https://www.linkedin.com/jobs/entrepreneurship-jobs-chandigarh?trk=homepage-basic_suggested-search, https://www.linkedin.com/jobs/legal-jobs-chandigarh?trk=homepage-basic_suggested-search, https://www.linkedin.com/jobs/media-and-communications-jobs-chandigarh?trk=homepage-basic_suggested-search, https://www.linkedin.com/jobs/military-and-protective-services-jobs-chandigarh?trk=homepage-basic_suggested-search, https://www.linkedin.com/jobs/product-management-jobs-chandigarh?trk=homepage-basic_suggested-search, https://www.linkedin.com/jobs/purchasing-jobs-chandigarh?trk=homepage-basic_suggested-search, https://www.linkedin.com/jobs/quality-assurance-jobs-chandigarh?trk=homepage-basic_suggested-search, https://www.linkedin.com/jobs/real-estate-jobs-chandigarh?trk=homepage-basic_suggested-search, https://www.linkedin.com/jobs/research-jobs-chandigarh?trk=homepage-basic_suggested-search, https://www.linkedin.com/jobs/support-jobs-chandigarh?trk=homepage-basic_suggested-search, https://www.linkedin.com/jobs/administrative-jobs-chandigarh?trk=homepage-basic_suggested-search, https://www.linkedin.com/talent/post-a-job?trk=homepage-basic_talent-finder-cta, https://www.linkedin.com/products/categories/e-commerce-platforms, https://www.linkedin.com/products/categories/customer-relationship-management-software, https://www.linkedin.com/products/categories/human-resources-management-systems, https://www.linkedin.com/products/categories/recruiting-software, https://www.linkedin.com/products/categories/sales-intelligence-software, https://www.linkedin.com/products/categories/project-management-software, https://www.linkedin.com/products/categories/help-desk-software, https://www.linkedin.com/products/categories/social-networking-software, https://www.linkedin.com/products/categories/desktop-publishing-software, https://www.linkedin.com/products/home, https://www.linkedin.com/games/pinpoint, https://www.linkedin.com/games/queens, https://www.linkedin.com/games/crossclimb, https://www.linkedin.com/pub/dir/+/+?trk=homepage-basic, https://www.linkedin.com/learning/topics/business-analysis-and-strategy?trk=homepage-basic_learning-cta, https://www.linkedin.com/learning/topics/business-software-and-tools?trk=homepage-basic_learning-cta, https://www.linkedin.com/learning/topics/career-development-5?trk=homepage-basic_learning-cta, https://www.linkedin.com/learning/topics/customer-service-3?trk=homepage-basic_learning-cta, https://www.linkedin.com/learning/topics/diversity-equity-and-inclusion-dei?trk=homepage-basic_learning-cta, https://www.linkedin.com/learning/topics/finance-and-accounting?trk=homepage-basic_learning-cta, https://www.linkedin.com/learning/topics/human-resources-3?trk=homepage-basic_learning-cta, https://www.linkedin.com/learning/topics/leadership-and-management?trk=homepage-basic_learning-cta, https://www.linkedin.com/learning/topics/marketing-2?trk=homepage-basic_learning-cta, https://www.linkedin.com/learning/topics/professional-development?trk=homepage-basic_learning-cta, https://www.linkedin.com/learning/topics/project-management?trk=homepage-basic_learning-cta, https://www.linkedin.com/learning/topics/sales-3?trk=homepage-basic_learning-cta, https://www.linkedin.com/learning/topics/small-business-and-entrepreneurship?trk=homepage-basic_learning-cta, https://www.linkedin.com/learning/topics/training-and-education?trk=homepage-basic_learning-cta, https://www.linkedin.com/learning/topics/aec?trk=homepage-basic_learning-cta, https://www.linkedin.com/learning/topics/animation-and-illustration?trk=homepage-basic_learning-cta, https://www.linkedin.com/learning/topics/audio-and-music?trk=homepage-basic_learning-cta, https://www.linkedin.com/learning/topics/graphic-design?trk=homepage-basic_learning-cta, https://www.linkedin.com/learning/topics/motion-graphics-and-vfx?trk=homepage-basic_learning-cta, https://www.linkedin.com/learning/topics/photography-2?trk=homepage-basic_learning-cta, https://www.linkedin.com/learning/topics/product-and-manufacturing?trk=homepage-basic_learning-cta, https://www.linkedin.com/learning/topics/user-experience?trk=homepage-basic_learning-cta, https://www.linkedin.com/learning/topics/video-2?trk=homepage-basic_learning-cta, https://www.linkedin.com/learning/topics/visualization-and-real-time?trk=homepage-basic_learning-cta, https://www.linkedin.com/learning/topics/web-design?trk=homepage-basic_learning-cta, https://www.linkedin.com/learning/topics/artificial-intelligence?trk=homepage-basic_learning-cta, https://www.linkedin.com/learning/topics/cloud-computing-5?trk=homepage-basic_learning-cta, https://www.linkedin.com/learning/topics/security-3?trk=homepage-basic_learning-cta, https://www.linkedin.com/learning/topics/data-science?trk=homepage-basic_learning-cta, https://www.linkedin.com/learning/topics/database-management?trk=homepage-basic_learning-cta, https://www.linkedin.com/learning/topics/devops?trk=homepage-basic_learning-cta, https://www.linkedin.com/learning/topics/hardware?trk=homepage-basic_learning-cta, https://www.linkedin.com/learning/topics/it-help-desk-5?trk=homepage-basic_learning-cta, https://www.linkedin.com/learning/topics/mobile-development?trk=homepage-basic_learning-cta, https://www.linkedin.com/learning/topics/network-and-system-administration?trk=homepage-basic_learning-cta, https://www.linkedin.com/learning/topics/software-development?trk=homepage-basic_learning-cta, https://www.linkedin.com/learning/topics/web-development?trk=homepage-basic_learning-cta, https://www.linkedin.com/pub/dir/+/+?trk=homepage-basic_brand-discovery_intent-module-firstBtn, https://www.linkedin.com/jobs/jobs-in-chandigarh?trk=homepage-basic_brand-discovery_intent-module-secondBtn, https://www.linkedin.com/learning/search?trk=homepage-basic_brand-discovery_intent-module-thirdBtn, https://www.linkedin.com/signup?trk=homepage-basic_join-cta, https://www.linkedin.com/signup?trk=guest_homepage-basic_directory, https://www.linkedin.com/help/linkedin?lang=en&trk=homepage-basic_directory_helpCenterUrl, https://about.linkedin.com/?trk=homepage-basic_directory_aboutUrl, https://press.linkedin.com/?trk=homepage-basic_directory_pressMicrositeUrl, https://blog.linkedin.com/?trk=homepage-basic_directory_blogMicrositeUrl, https://www.linkedin.com/company/linkedin/jobs?trk=homepage-basic_directory_careersUrl, https://developer.linkedin.com/?trk=homepage-basic_directory_developerMicrositeUrl, https://www.linkedin.com/learning/?trk=homepage-basic_directory_learningHomeUrl, https://www.linkedin.com/jobs?trk=homepage-basic_directory_jobsHomeUrl, https://www.linkedin.com/games?trk=homepage-basic_directory_gameHubUrl, https://www.linkedin.com/salary/?trk=homepage-basic_directory_salaryHomeUrl, https://mobile.linkedin.com/?trk=homepage-basic_directory_mobileMicrositeUrl, https://www.linkedin.com/services?trk=homepage-basic_directory_servicesHomeUrl, https://www.linkedin.com/products?trk=homepage-basic_directory_productsHomeUrl, https://www.linkedin.com/hubs/top-companies/?trk=homepage-basic_directory_topCompaniesHubHomeUrl, https://business.linkedin.com/talent-solutions?src=li-footer&utm_source=linkedin&utm_medium=footer&trk=homepage-basic_directory_talentSolutionsMicrositeUrl, https://business.linkedin.com/marketing-solutions?src=li-footer&utm_source=linkedin&utm_medium=footer&trk=homepage-basic_directory_marketingSolutionsMicrositeUrl, https://business.linkedin.com/sales-solutions?src=li-footer&utm_source=linkedin&utm_medium=footer&trk=homepage-basic_directory_salesSolutionsMicrositeUrl, https://learning.linkedin.com/?src=li-footer&trk=homepage-basic_directory_learningMicrositeUrl, https://www.linkedin.com/directory/people?trk=homepage-basic_directory_peopleDirectoryUrl, https://www.linkedin.com/directory/jobs?trk=homepage-basic_directory_jobSearchDirectoryUrl, https://www.linkedin.com/directory/companies?trk=homepage-basic_directory_companyDirectoryUrl, https://www.linkedin.com/directory/featured?trk=homepage-basic_directory_featuredDirectoryUrl, https://www.linkedin.com/directory/learning?trk=homepage-basic_directory_learningDirectoryUrl, https://www.linkedin.com/directory/posts?trk=homepage-basic_directory_postsDirectoryUrl, https://www.linkedin.com/directory/articles?trk=homepage-basic_directory_articlesDirectoryUrl, https://www.linkedin.com/directory/schools?trk=homepage-basic_directory_schoolsDirectoryUrl, https://www.linkedin.com/directory/news?trk=homepage-basic_directory_newsDirectoryUrl, https://www.linkedin.com/directory/newsletters?trk=homepage-basic_directory_newslettersDirectoryUrl, https://www.linkedin.com/directory/services?trk=homepage-basic_directory_servicesDirectoryUrl, https://www.linkedin.com/directory/products?trk=homepage-basic_directory_productsDirectoryUrl, https://www.linkedin.com/directory/advice?trk=homepage-basic_directory_adviceDirectoryUrl, https://www.linkedin.com/directory/people-search?trk=homepage-basic_directory_peopleSearchDirectoryUrl, https://about.linkedin.com?trk=homepage-basic_footer-about, https://www.linkedin.com/accessibility?trk=homepage-basic_footer-accessibility, https://www.linkedin.com/legal/user-agreement?trk=homepage-basic_footer-user-agreement, https://www.linkedin.com/legal/privacy-policy?trk=homepage-basic_footer-privacy-policy, https://www.linkedin.com/legal/cookie-policy?trk=homepage-basic_footer-cookie-policy, https://www.linkedin.com/legal/copyright-policy?trk=homepage-basic_footer-copyright-policy, https://brand.linkedin.com/policies?trk=homepage-basic_footer-brand-policy, https://www.linkedin.com/psettings/guest-controls?trk=homepage-basic_footer-guest-controls, https://www.linkedin.com/legal/professional-community-policies?trk=homepage-basic_footer-community-guide",,LinkedIn: Log In or Sign Up,"1 billion members | Manage your professional identity. Build and engage with your professional network. Access knowledge, insights and opportunities.",,en,Others
8,https://www.instagram.com,,,Instagram,Create an account or log in to Instagram - Share what you're into with the people who get you.,paypal,en,Others
9,https://www.reddit.com,,,Reddit - Dive into anything,"Reddit is a network of communities where people can dive into their interests, hobbies and passions. There's a community for whatever you're interested in on Reddit.",square,en-US,Others
10,https://www.pinterest.com,,React,Pinterest,"Discover recipes, home ideas, style inspiration and other ideas to try.",,en,Others
11,https://www.snapchat.com,,,Share the moment | Snapchat,"Chat, send Snaps, explore Stories & Lenses on desktop, or download the app for mobile! Connect & create with friends, wherever you are.",,en-US,Others
12,https://www.tumblr.com,,,Trending topics on Tumblr,"Explore trending topics on Tumblr. See all of the GIFs, fan art, and general conversation about the internet’s favorite things.",,en-US,Others
13,https://www.ebay.com,"https://www.facebook.com/eBay, https://twitter.com/eBay",jQuery,"Electronics, Cars, Fashion, Collectibles & More | eBay","Buy & sell electronics, cars, clothes, collectibles & more on eBay, the world's online marketplace. Top brands, low prices & free shipping on many items.",paypal,en,Others
14,https://www.alibaba.com,,React,"Alibaba.com: Manufacturers, Suppliers, Exporters & Importers from the world's largest online B2B marketplace","Find quality Manufacturers, Suppliers, Exporters, Importers, Buyers, Wholesalers, Products and Trade Leads from our award-winning International Trade Site. Import & Export on alibaba.com",,,Others
15,https://www.walmart.com,,React,Walmart | Save Money. Live better.,Shop Walmart.com today for Every Day Low Prices. Join Walmart+ for unlimited free delivery from your store & free shipping with no order minimum. Start your free 30-day trial now!,,en-US,Others
16,https://www.flipkart.com,,,"Online Shopping Site for Mobiles, Electronics, Furniture, Grocery, Lifestyle, Books & More. Best Offers!",,stripe,en-IN,Others
17,https://www.rakuten.com,"https://www.facebook.com/rakuten/, https://twitter.com/Rakuten, https://www.pinterest.com/rakuten/, https://www.instagram.com/rakuten/, https://youtube.com/c/Rakutenchannel, https://www.linkedin.com/company/rakutenrewards",,"Online Coupons & Cash Back | Shop 3,500+ Stores! | Rakuten","Since 1999, we've paid our members over $3.2 Billion in Cash Back. Join now for an extra 10% Cash Back boost. Shop 3,500+ stores using coupons or cash back!",paypal,,Others
18,https://www.shopify.com,"/facebook-instagram, /facebook-instagram, https://www.facebook.com/shopify, https://twitter.com/shopify, https://www.youtube.com/user/shopify, https://www.instagram.com/shopify/, https://www.tiktok.com/@shopify, https://www.linkedin.com/company/shopify, https://www.pinterest.com/shopify/",,Start and grow your e-commerce business - 3-Day Free Trial - Shopify USA,Try Shopify free and start a business or grow an existing one. Get more than ecommerce software with tools to manage every part of your business.,"paypal, square",en,E-commerce
19,https://www.mercadolibre.com,,,Mercado Libre - Envíos Gratis en el día,Compre productos con Envío Gratis en el día en Mercado Libre. Encuentre miles de marcas y productos a precios increíbles.,,,Others
20,https://www.target.com,,,Target : Expect More. Pay Less.,Shop Target online and in-store for everything from groceries and essentials to clothing and electronics. Choose contactless pickup or delivery today.,square,en-US,Others
21,https://www.cnn.com,"https://facebook.com/CNN, https://twitter.com/CNN, https://instagram.com/CNN, https://www.tiktok.com/@cnn?lang=en, https://www.linkedin.com/company/cnn, https://facebook.com/CNN, https://twitter.com/CNN, https://instagram.com/CNN, https://www.tiktok.com/@cnn?lang=en, https://www.linkedin.com/company/cnn",,"Breaking News, Latest News and Videos | CNN","View the latest news and breaking news today for U.S., world, weather, entertainment, politics and health at CNN.com.","stripe, square",en,Others
22,https://www.bbc.com,,,"BBC Home - Breaking News, World News, US News, Sports, Business, Innovation, Climate, Culture, Travel, Video & Audio","Visit BBC for trusted reporting on the latest world and US news, sports, business, climate, innovation, culture and much more.","stripe, square",en-GB,Others
23,https://www.nytimes.com,,,"The New York Times - Breaking News, US News, World News and Videos","Live news, investigations, opinion, photos and video by the journalists of The New York Times from more than 150 countries around the world. Subscribe for coverage of U.S. and international news, politics, business, technology, science, health, arts, sports and more.",square,en,Others
24,https://www.theguardian.com,"https://www.facebook.com/theguardian, https://www.youtube.com/user/TheGuardian, https://www.instagram.com/guardian, https://www.linkedin.com/company/theguardian",,"Latest news, sport and opinion from the Guardian","Latest international news, sport and comment from the Guardian","stripe, square",en,Others
25,https://www.foxnews.com,"https://www.facebook.com/FoxNews, https://twitter.com/foxnews, https://www.instagram.com/foxnews/, https://www.youtube.com/FoxNewsChannel, https://www.linkedin.com/company/fox-news-channel/, //www.foxnews.com/us/gun-rights-group-accuses-youtube-pushing-ominous-narrative-new-policy-firearms-content, //www.foxnews.com/us/gun-rights-group-accuses-youtube-pushing-ominous-narrative-new-policy-firearms-content, https://www.facebook.com/FoxNews, https://twitter.com/foxnews, https://www.instagram.com/foxnews/, https://www.youtube.com/FoxNewsChannel, https://www.linkedin.com/company/fox-news-channel/",,Fox News - Breaking News Updates | Latest News Headlines | Photos & News Videos,"Breaking News, Latest News and Current News from FOXNews.com. Breaking news and video. Latest Current News: U.S., World, Entertainment, Health, Business, Technology, Politics, Sports.","stripe, square",en,News and Media
26,https://www.aljazeera.com,"https://www.facebook.com/aljazeera, https://twitter.com/ajenglish, https://www.youtube.com/aljazeeraenglish, https://www.instagram.com/aljazeeraenglish/?hl=en",React,"Breaking News, World News and Video from Al Jazeera","News, analysis from the Middle East & worldwide, multimedia & interactives, opinions, documentaries, podcasts, long reads and broadcast schedule.",,en,Others
27,https://www.bloomberg.com,,,Bloomberg - Are you a robot?,,,en,Others
28,https://www.cnbc.com,"https://www.facebook.com/cnbcinternational/, https://www.twitter.com/cnbci?lang=en/, https://www.linkedin.com/showcase/cnbc-international/, https://www.instagram.com/cnbcinternational/?hl=en/, https://www.youtube.com/user/CNBCInternational/",,"International Business, World News & Global Stock Market Analysis","CNBC International is the world leader for news on business, technology, China, trade, oil prices, the Middle East and markets.","stripe, square",en,Others
29,https://www.github.com,"https://www.facebook.com/GitHub, https://www.linkedin.com/company/github, https://www.youtube.com/github, https://www.tiktok.com/@github",React,GitHub: Let’s build from here · GitHub,"GitHub is where over 100 million developers shape the future of software, together. Contribute to the open source community, manage your Git repositories, review code like a pro, track bugs and features, power your CI/CD and DevOps workflows, and secure code before you commit it.","square, braintree",en,Others
30,https://www.stackoverflow.com,"https://www.facebook.com/officialstackoverflow/, https://twitter.com/stackoverflow, https://linkedin.com/company/stack-overflow, https://www.instagram.com/thestackoverflow",jQuery,"Stack Overflow - Where Developers Learn, Share, & Build Careers","Stack Overflow is the largest, most trusted online community for developers to learn, share​ ​their programming ​knowledge, and build their careers.",,en,Others
31,https://www.techcrunch.com,"https://techcrunch.com/tag/instagram/, https://techcrunch.com/tag/tiktok/, https://techcrunch.com/2024/06/16/youtube-is-testing-another-way-to-combat-ad-blockers/, https://techcrunch.com/2024/06/16/youtube-is-testing-another-way-to-combat-ad-blockers/, https://techcrunch.com/video/techcrunch-minute-linkedin-offers-ai-written-cover-letters/, https://techcrunch.com/video/techcrunch-minute-linkedin-offers-ai-written-cover-letters/, https://www.facebook.com/techcrunch, https://twitter.com/techcrunch, https://www.youtube.com/user/techcrunch, https://instagram.com/techcrunch, https://www.linkedin.com/company/techcrunch",React,TechCrunch | Startup and Technology News,"TechCrunch | Reporting on the business of technology, startups, venture capital funding, and Silicon Valley",square,en-US,Others
32,https://www.wired.com,"/story/frank-mccourt-save-the-internet-buy-tiktok/, /story/tiktok-evolution-digital-blackface/, /story/tiktok-evolution-digital-blackface/, https://www.wired.com/video/watch/tech-support-lando-norris-and-oscar-piastri-answer-formula-1-questions-from-twitter, https://www.wired.com/video/watch/tech-support-lando-norris-and-oscar-piastri-answer-formula-1-questions-from-twitter, https://www.facebook.com/wired/, https://twitter.com/wired/, https://pinterest.com/wired/, https://www.youtube.com/user/wired/, https://instagram.com/wired/, https://www.tiktok.com/@wired?lang=en",,"WIRED - The Latest in Technology, Science, Culture and Business | WIRED","We bring you the future as it happens. From the latest in science and technology to the big stories in business and culture, we've got you covered.","stripe, square",en-US,Others
33,https://www.theverge.com,"/2024/2/5/24062425/youtube-vision-pro-app-360-vr-video, /2024/2/5/24062425/youtube-vision-pro-app-360-vr-video, /2024/6/13/24175408/tiktok-off-the-record-music-album-releases-video-series, /2024/6/13/24175408/tiktok-off-the-record-music-album-releases-video-series?showComments=1, /2024/6/13/24175408/tiktok-off-the-record-music-album-releases-video-series, /2024/6/11/24176325/youtube-thumbnails-test-compare-a-b, /2024/6/11/24176325/youtube-thumbnails-test-compare-a-b?showComments=1",,The Verge,"The Verge is about technology and how it makes us feel. Founded in 2011, we offer our audience everything from breaking news to reviews to award-winning features and investigations, on our site, in video, and in podcasts.",square,en,Others
34,https://www.cnet.com,"https://www.instagram.com/cnet/, https://www.youtube.com/user/CNETTV/, https://www.tiktok.com/@cnetdotcom?lang=en, http://www.facebook.com/cnet",,"CNET: Product reviews, advice, how-tos and the latest news","Get full-length product reviews, the latest news, tech coverage, daily deals, and category deep dives from CNET experts worldwide.",square,en,Others
35,https://arstechnica.com,"https://arstechnica.com/tech-policy/2024/06/meta-halts-plans-to-train-ai-on-facebook-instagram-posts-in-eu/, https://arstechnica.com/tech-policy/2024/06/meta-halts-plans-to-train-ai-on-facebook-instagram-posts-in-eu/, https://arstechnica.com/tech-policy/2024/06/meta-halts-plans-to-train-ai-on-facebook-instagram-posts-in-eu/, https://arstechnica.com/tech-policy/2024/06/meta-halts-plans-to-train-ai-on-facebook-instagram-posts-in-eu/?comments=1, https://www.facebook.com/arstechnica, https://twitter.com/arstechnica, https://www.youtube.com/user/arstechnicavideos, https://www.instagram.com/arstechnica/, https://twitter.com/arstechnica, https://www.facebook.com/arstechnica, https://www.youtube.com/@arstechnica, https://www.instagram.com/arstechnica/",,Ars Technica,"Serving the Technologist for more than a decade. IT news, reviews, and analysis.",,en-us,Others
36,https://www.engadget.com,"/entertainment/youtube/, https://www.facebook.com/Engadget/, https://twitter.com/engadget/, https://www.youtube.com/user/engadget, /entertainment/youtube/, https://www.facebook.com/Engadget/, https://twitter.com/engadget/, https://www.youtube.com/user/engadget, https://www.facebook.com/Engadget/, https://twitter.com/engadget/, https://www.youtube.com/user/engadget, https://www.instagram.com/engadget/, https://www.linkedin.com/company/engadget/",,Engadget | Technology News & Reviews,"Find the latest technology news and expert tech product reviews. Learn about the latest gadgets and consumer tech products for entertainment, gaming, lifestyle and more.",square,en-US,Others
37,https://www.mashable.com,"/article/youtube-tests-ai-generated-live-chat-summaries-channel-qr-codes, https://www.facebook.com/mashable/, https://twitter.com/mashable, http://instagram.com/Mashable, https://www.youtube.com/user/mashable, https://www.pinterest.com/mashable/,  https://www.tiktok.com/@mashable, https://www.linkedin.com/company/mashable",,Mashable,"Mashable is a global, multi-platform media and entertainment company.","stripe, square",en,Others
38,https://www.gizmodo.com,"https://facebook.com/gizmodo, https://twitter.com/gizmodo, https://instagram.com/gizmodo, https://www.youtube.com/channel/UCxFmw3IUMDUC1Hh7qDjtjZQ, https://facebook.com/sharer.php?u=https%3A%2F%2Fgizmodo.com%2Fautomation-never-tasted-so-good-1851539985%3Futm_medium%3Dsharefromsite%26utm_source%3Dfacebook, https://twitter.com/intent/tweet?url=https%3A%2F%2Fgizmodo.com%2Fautomation-never-tasted-so-good-1851539985%3Futm_medium%3Dsharefromsite%26utm_source%3Dtwitter&text=Automation%20Never%20Tasted%20So%20Good",,Gizmodo | The Future Is Here,We come from the future.,square,en,Others
39,https://www.youtube.com,"https://www.youtube.com/about/, https://www.youtube.com/about/press/, https://www.youtube.com/about/copyright/, https://www.youtube.com/creators/, https://www.youtube.com/ads/, https://developers.google.com/youtube, https://www.youtube.com/about/policies/, https://www.youtube.com/howyoutubeworks?utm_campaign=ytgen&utm_source=ythp&utm_medium=LeftNav&utm_content=txt&u=https%3A%2F%2Fwww.youtube.com%2Fhowyoutubeworks%3Futm_source%3Dythp%26utm_medium%3DLeftNav%26utm_campaign%3Dytgen",,YouTube,"Enjoy the videos and music you love, upload original content, and share it all with friends, family, and the world on YouTube.",square,en-GB,Others
40,https://www.netflix.com,,,"Netflix India – Watch TV Shows Online, Watch Movies Online","Watch Netflix movies & TV shows online or stream right to your smart TV, game console, PC, Mac, mobile, tablet and more.","paypal, square",en,Others
41,https://www.hulu.com,"//www.facebook.com/hulu, //twitter.com/hulu, //www.youtube.com/channel/UCE5mQnNl8Q4H2qcv4ikaXeA, //www.instagram.com/hulu",,Watch Thousands of Shows and Movies | Hulu,"Stream full seasons of exclusive series, current-season episodes, hit movies, Hulu Originals, kids shows, and more. Watch on your TV, laptop, phone, or tablet. Free trial available for new and eligible returning subscribers.",square,en,Others
42,https://www.primevideo.com,,,Welcome to Prime Video,"Enjoy exclusive Amazon Originals as well as popular movies and TV shows.  Watch anytime, anywhere. Start your free trial.",square,en-us,Others
43,https://www.disneyplus.com,,,"Disney+ Hotstar - Watch TV Shows, Movies, Specials, Live Cricket & Football","Disney+ Hotstar is India’s largest premium streaming platform with more than 100,000 hours of drama and movies in 17 languages, and coverage of every major global sporting event",,eng,Others
44,https://www.hbomax.com,"https://www.youtube.com/channel/UCx-KWLTKlB83hDI6UKECtJQ, https://twitter.com/hbomax, https://www.facebook.com/HBOMax/, https://www.instagram.com/HBOMax/",,HBO Max,"Say hello to HBO Max, the streaming platform that bundles all of HBO together with even more of your favorite movies and TV series, plus new Max Originals.",,en-us,Others
45,https://www.spotify.com,,,Spotify - Web Player: Music for everyone,Spotify is a digital music service that gives you access to millions of songs.,,en,Others
46,https://www.apple.com/music,,,Apple Music - Apple,"Stream millions of songs in Spatial Audio with Dolby Atmos. Available online and offline, always ad-free. Start listening for free today.",,en-US,Others
47,https://www.soundcloud.com,,,Stream and listen to music online for free with SoundCloud,"Discover and play over 320 million music tracks. Join the world’s largest online community of artists, bands, DJs, and audio creators.","paypal, square",en,Others
48,https://www.twitch.tv,,,Twitch,"Twitch is an interactive livestreaming service for content spanning gaming, entertainment, sports, music, and more. There’s something for everyone on Twitch.",,,Others
49,https://www.coursera.org,"https://www.facebook.com/Coursera, https://www.linkedin.com/company/coursera, https://twitter.com/coursera, https://www.youtube.com/user/coursera, https://www.instagram.com/coursera/, https://www.tiktok.com/@coursera",,Coursera India | Online Courses & Credentials From Top Educators. Join for Free,"Learn online and earn valuable credentials from top universities like Indian Institute of Technology Bombay, IIT Roorkee, IIMC, Stanford, and leading companies like Google and IBM. Join Coursera for free and transform your career with degrees, certificates, Specializations, & MOOCs in data science, computer science, business, and dozens of other topics.",square,en,Others
50,https://www.khanacademy.org,"https://www.facebook.com/khanacademy, https://twitter.com/khanacademy, https://instagram.com/khanacademy",,"Khan Academy | Free Online Courses, Lessons & Practice","Learn for free about math, art, computer programming, economics, physics, chemistry, biology, medicine, finance, history, and more. Khan Academy is a nonprofit with the mission of providing a free, world-class education for anyone, anywhere.","stripe, square",en,Others
51,https://www.edx.org,,,,,"stripe, square",en,Others
52,https://www.udacity.com,"https://www.facebook.com/Udacity/reviews, https://www.facebook.com/Udacity, https://twitter.com/udacity, https://www.linkedin.com/school/udacity/, https://www.instagram.com/udacity/",,Learn the Latest Tech Skills; Advance Your Career | Udacity,"Learn online and advance your career with courses in programming, data science, artificial intelligence, digital marketing, and more. Gain in-demand technical skills. Join today!",,en,Others
53,https://www.udemy.com,,,"Online Courses - Learn Anything, On Your Schedule | Udemy","Udemy is an online learning and teaching marketplace with over 220,000 courses and 70 million students. Learn programming, marketing, data science and more.","paypal, stripe",en,Others
54,https://www.codecademy.com,"https://twitter.com/Codecademy, https://codecademy.com/users/redirect?redirect_url=https://www.facebook.com/groups/codecademy.community, https://instagram.com/codecademy, https://www.youtube.com/channel/UC5CMtpogD_P3mOoeiDHD5eQ, https://www.tiktok.com/@codecademy",,Learn to Code - for Free | Codecademy,Learn the technical skills to get the job you want. Join over 50 million people choosing Codecademy to start a new career (or advance in their current one).,"paypal, stripe, square",en,Others
55,https://ocw.mit.edu,"https://www.facebook.com/MITOCW, https://www.instagram.com/mitocw, https://twitter.com/MITOCW, https://www.youtube.com/mitocw, https://www.linkedin.com/company/mit-opencourseware, https://www.facebook.com/MITOCW, https://www.instagram.com/mitocw, https://twitter.com/MITOCW, https://www.youtube.com/mitocw, https://www.linkedin.com/company/mit-opencourseware/",,MIT OpenCourseWare | Free Online Course Materials,MIT OpenCourseWare is a web based publication of virtually all MIT course content. OCW is open and available to the world and is a permanent MIT activity,,en,Others
56,https://online-learning.harvard.edu,"https://twitter.com/HarvardOnline, https://www.facebook.com/harvardonline/, https://www.linkedin.com/school/harvardonline/",,Professional and Lifelong Learning | Harvard University,"Explore professional and lifelong learning courses from Harvard University. From free online literature classes to in-person business courses for executives, there’s something for everyone. Earn certificates for professional development, receive college degree credit, or take a class just for fun! Advance your career. Pursue your passion. Keep learning.",,en,Others
57,https://www.futurelearn.com,"https://www.facebook.com/FutureLearn, https://www.instagram.com/futurelearn, https://twitter.com/FutureLearn, http://www.youtube.com/channel/UC3i5AS_kCaFppoMwULYb99g, http://www.linkedin.com/company/futurelearn",,FutureLearn: Online Courses and Degrees from Top Universities,Join millions of people learning on FutureLearn. Find online courses and degrees from leading universities or organisations and start learning online today.,square,en-GB,Others
58,https://www.booking.com,https://account.booking.com/auth/oauth2?redirect_uri=https%3A%2F%2Fsecure.booking.com%2Flogin.html%3Fop%3Doauth_return&bkng_action=index&dt=1718613909&lang=en-us&client_id=vO1Kblk7xX9tUn2cpZLS&state=UqwB2UJDHufTpjr8QKAlCpujFDItq7u_4-aVIpGgCqn31bMzFqchtSZw8SvIkJqozoAEUDokxl01stk1hSN9auNb9CPlEWyJUQpKfyX2h3dmXzaTM_0OmlZ3i-LgbJcX2NBduuK4D3d0PwylKm_ZHZuyA1wMTjiP5LOAm58rMoAz-cZn3eB3Xl1py4mtqMDSa6wt9qSveG_lUS09rFPbJPaW_91zUcgEIQlQObhcgg&aid=304142&response_type=sso&prompt=facebook,"jQuery, React","
Booking.com | Official site | The best hotels, flights, car rentals & accommodations 
","Explore the world with Booking.com. Big savings on homes, hotels, flights, car rentals, taxis, and attractions – build your perfect trip on any budget.",square,,Others
59,https://www.airbnb.com,"https://www.facebook.com/AirbnbIndia, https://twitter.com/airbnb_in, https://instagram.com/airbnb, https://www.facebook.com/AirbnbIndia, https://twitter.com/airbnb_in, https://instagram.com/airbnb",,"Airbnb | Holiday rentals, cabins, beach houses & more",Get an Airbnb for every kind of trip → 7 million holiday rentals → 2 million Guest Favourites → 220+ countries and regions worldwide,square,en-IN,Others
60,https://www.kayak.com,,,"Search Flights, Hotels & Rental Cars | KAYAK","KAYAK searches hundreds of other travel sites at once to find the information you need to make the right decisions on flights, hotels & rental cars.",square,en-us,Others
61,https://www.skyscanner.com,,,Skyscanner,,,en,Others
62,https://www.agoda.com,,,,,,en,Others
63,https://www.lonelyplanet.com,"https://instagram.com/lonelyplanet, https://www.facebook.com/lonelyplanet/, https://www.instagram.com/lonelyplanet/, https://twitter.com/lonelyplanet/, https://www.tiktok.com/@lonelyplanet/, https://www.instagram.com/wanderlust_fabiana, https://www.instagram.com/richardwhitetravels, https://www.instagram.com/pandeyrr, https://www.instagram.com/les_carnets_de_mel, https://www.instagram.com/ali.vonlewinski, https://www.instagram.com/dominik.kobler, https://www.facebook.com/lonelyplanet/, https://www.instagram.com/lonelyplanet/, https://twitter.com/lonelyplanet/, https://www.tiktok.com/@lonelyplanet/, https://www.facebook.com/lonelyplanet, https://www.instagram.com/lonelyplanet/, https://www.twitter.com/lonelyplanet, https://www.youtube.com/lonelyplanet, https://www.pinterest.com/lonelyplanet/",,Lonely Planet | Travel Guides & Travel Information - Lonely Planet,"Love travel? Discover, plan and book your perfect trip with expert advice, travel guides, destination information and inspiration from Lonely Planet.",square,,Others
64,https://www.paypal.com,,React,A Simple and Safer Way to Pay and Get Paid | PayPal IN,Easily and securely shop from millions of brands across the world with confidence. PayPal has got you covered.,paypal,en-IN,Others
65,https://www.stripe.com,,,Stripe | Financial Infrastructure to Grow Your Revenue,"Stripe powers online and in-person payment processing and financial solutions for businesses of all sizes. Accept payments, send payouts, and automate financial processes with a suite of APIs and no-code tools.","stripe, square",en-IN,Others
66,https://www.squareup.com,"https://www.youtube.com/watch?v=Q0UYgt7OWgo, https://www.youtube.com/watch?v=G3RsSP3Fq8s, https://www.youtube.com/watch?v=Z7FqPvwBRdM, https://www.youtube.com/watch?v=Yca3ntZAbVM, https://www.youtube.com/watch?v=bG2mF3DR4nk, https://www.youtube.com/watch?v=jYqMDsLj5uE, https://www.youtube.com/watch?v=Q0UYgt7OWgo, https://www.youtube.com/watch?v=bG2mF3DR4nk, https://www.youtube.com/watch?v=Q-0GZHQnVLs, https://www.youtube.com/watch?v=KNcFvxoH3JY, https://www.youtube.com/watch?v=EaKHL7h53xI, https://www.youtube.com/watch?v=pF2pNKr7dlM, https://www.youtube.com/watch?v=pF2pNKr7dlM, https://www.youtube.com/watch?v=G3RsSP3Fq8s, https://www.youtube.com/watch?v=eq3ZT7Ilmdc, https://www.youtube.com/watch?v=F-eKMyKXaRM, https://twitter.com/Square, https://www.facebook.com/square, https://instagram.com/square",,Power your entire business | Square,Sell anywhere. Diversify revenue streams. Streamline operations. Manage your staff. Get paid faster. Sign up for Square today.,"stripe, square",en-US,Others
67,https://www.robinhood.com,"https://twitter.com/RobinhoodApp, https://www.instagram.com/robinhoodapp, https://www.linkedin.com/company/robinhood, https://www.tiktok.com/@robinhoodapp, https://www.youtube.com/channel/UCY55VHsy1umgvR35gl5bmUw, https://twitter.com/RobinhoodApp, https://www.instagram.com/robinhoodapp, https://www.linkedin.com/company/robinhood, https://www.tiktok.com/@robinhoodapp, https://www.youtube.com/channel/UCY55VHsy1umgvR35gl5bmUw",,Commission-free Stock Trading & Investing App | Robinhood,"Robinhood has commission-free investing, and tools to help shape your financial future. Sign up and get your first stock free. Limitations and fees may apply.",,,Others
68,https://www.mint.com,"https://www.youtube.com/user/MintSoftware, https://www.facebook.com/mint, http://www.twitter.com/mint, https://www.instagram.com/mintapp/",,Budget Tracker & Planner | Free Online Money Management | Mint,Take charge of your finances with Mint’s online budget planner. Our free budget tracker helps you understand your spending for a brighter financial future.,,en,Others
69,https://www.bankofamerica.com,,,"Bank of America - Banking, Credit Cards, Loans and Merrill Investing","What would you like the power to do? For you and your family, your business and your community. At Bank of America, our purpose is to help make financial lives better through the power of every connection.",square,en-US,Others
70,https://www.wellsfargo.com,"https://www.facebook.com/wellsfargo/, https://www.linkedin.com/company/wellsfargo/, https://www.instagram.com/wellsfargo/, https://www.pinterest.com/wellsfargo/, https://www.youtube.com/user/wellsfargo/, https://www.twitter.com/wellsfargo/",,Wells Fargo Bank | Financial Services & Online Banking,"Committed to the financial health of our customers and communities. Explore bank accounts, loans, mortgages, investing, credit cards & banking services»",,en,Others
71,https://www.chase.com,"https://www.facebook.com/chase, https://www.instagram.com/chase/, https://twitter.com/Chase, https://www.youtube.com/chase, https://www.linkedin.com/company/chase?trk=company_logo, https://www.pinterest.com/chase/",jQuery,"Credit Card, Mortgage, Banking, Auto | Chase Online | Chase.com","Chase online; credit cards, mortgages, commercial banking, auto loans, investing & retirement planning, checking and business banking.",square,en-US,Others
72,https://www.mayoclinic.org,"https://twitter.com/mayoclinic, https://www.youtube.com/user/mayoclinic, https://www.facebook.com/MayoClinic, https://www.linkedin.com/company/mayo-clinic, https://www.instagram.com/mayoclinic/",,Top-ranked Hospital in the Nation - Mayo Clinic,,square,en,Others
73,https://www.healthline.com,,,Healthline: Medical information and health advice you can trust.,We're committed to being your source for expert health guidance. Come to us in your pursuit of wellness.,square,en,Others
74,https://medlineplus.gov,"https://twitter.com/medlineplus, https://facebook.com/Mplus.gov/, https://www.instagram.com/mplusgov/",jQuery,MedlinePlus - Health Information from the National Library of Medicine,"Find information on health conditions, wellness issues, and more in easy-to-read language on MedlinePlus, the up-to-date, trusted health information site from the NIH and the National Library of Medicine.",,en,Others
75,https://www.myfitnesspal.com,"https://www.instagram.com/myfitnesspal/, https://www.facebook.com/myfitnesspal/, https://www.youtube.com/c/myfitnesspal, https://www.linkedin.com/company/myfitnesspal, https://twitter.com/MyFitnessPal, https://www.tiktok.com/@myfitnesspal/",,Calorie Tracker & BMR Calculator to Reach Your Goals | MyFitnessPal,"Reach your health, fitness & weight goals with MyFitnessPal, the #1 nutrition tracking app. Macro & calorie calculator, food tracker, and fasting app in one. Download today!",stripe,en,Others
76,https://www.fitbit.com,"https://www.facebook.com/FitbitIN/, https://www.instagram.com/fitbitIN/, https://twitter.com/fitbitIN, https://www.pinterest.com/fitbit/, https://www.youtube.com/channel/UCYEdzTQmlBj1XuMK-7Lt_vg",jQuery,Fitbit Official Site for Activity Trackers and More,"Find your fit with Fitbit's family of fitness products that help you stay motivated and improve your health by tracking your activity, exercise, food, weight and sleep.",paypal,en-IN,Others
77,https://www.strava.com,"https://twitter.com/strava, https://www.youtube.com/stravainc, https://www.instagram.com/strava/, https://www.linkedin.com/company/strava-inc., https://www.facebook.com/Strava",,"Strava | Running, Cycling & Hiking App - Train, Track & Share","Strava connects millions of runners, cyclists, hikers, walkers and other active people through the sports they love – all on our mobile app and website.",square,en-US,Others
78,https://www.nike.com/ntc-app,,React,Nike Training Club App. Home Workouts. Nike.com,"NTC provides 185+ free workouts from bodyweight-only sessions, invigorating yoga classes, targeted training programs, and full-equipment home workouts for all fitness levels.",,en-US,Others
79,https://www.onepeloton.com,,,Peloton: The ultimate fitness experience,"Access high-energy workouts, instantly. Discover Peloton: streaming fitness classes to you live and on-demand.",,en-US,Others
80,https://www.foodnetwork.com,"https://www.facebook.com/FoodNetwork, https://twitter.com/FoodNetwork, https://instagram.com/FoodNetwork, https://www.youtube.com/FoodNetwork, https://www.pinterest.com/FoodNetwork, //www.foodnetwork.com/fn-dish/news/banana-ripe-debate-instagram",,"Easy Recipes, Healthy Eating Ideas and Chef Recipe Videos | Food Network","Love Food Network shows, chefs and recipes? Find the best recipe ideas, videos, healthy eating advice, party ideas and cooking techniques from top chefs, shows and experts.",square,en,Others
81,https://www.epicurious.com,"https://www.facebook.com/epicurious, https://twitter.com/epicurious, https://pinterest.com/epicurious/, https://youtube.com/user/epicuriousdotcom, https://www.instagram.com/epicurious/",,"Epicurious – Recipes, Menu Ideas, Videos & Cooking Tips | Epicurious","Since 1995, Epicurious has been the ultimate food resource for the home cook, with daily kitchen tips, fun cooking videos, and, oh yeah, over 33,000 recipes.","stripe, square",en-US,Others
82,https://www.bonappetit.com,"https://www.facebook.com/bonappetitmag, https://twitter.com/bonappetit/, https://www.pinterest.com/bonappetitmag/, https://www.instagram.com/bonappetitmag, https://www.youtube.com/channel/UCbpMy0Fg74eXXkvxJrtEn3w",,"Bon Appétit: Recipes, Cooking, Entertaining, Restaurants | Bon Appétit","Cook with confidence. Enjoy your food. Find recipes, search our encyclopedia of cooking tips and ingredients, watch food videos, and more.","stripe, square",en-US,Others
83,https://en.wikipedia.org/wiki/Main_Page,,,"Wikipedia, the free encyclopedia",,,en,Others
84,https://stackoverflow.com,"https://www.facebook.com/officialstackoverflow/, https://twitter.com/stackoverflow, https://linkedin.com/company/stack-overflow, https://www.instagram.com/thestackoverflow",jQuery,"Stack Overflow - Where Developers Learn, Share, & Build Careers","Stack Overflow is the largest, most trusted online community for developers to learn, share​ ​their programming ​knowledge, and build their careers.",,en,Others
85,https://www.nationalgeographic.com,,,National Geographic,"Explore National Geographic. A world leader in geography, cartography and exploration.",square,en,Others
86,https://archive.org/details/public-domain-archive,"https://twitter.com/intent/tweet?url=https://archive.org/details/public-domain-archive&via=internetarchive&text=Public+Domain+Archive+%3A+Public+Domain+Archive+%3A+Free+Download%2C+Borrow%2C+and+Streaming+%3A+Internet+Archive, https://www.facebook.com/sharer/sharer.php?u=https://archive.org/details/public-domain-archive, http://www.pinterest.com/pin/create/button/?url=https://archive.org/details/public-domain-archive&description=Public+Domain+Archive+%3A+Public+Domain+Archive+%3A+Free+Download%2C+Borrow%2C+and+Streaming+%3A+Internet+Archive",,"Public Domain Archive : Public Domain Archive : Free Download, Borrow, and Streaming : Internet Archive","Videos from the Youtube channel Public Domain Archive that are dedicated to the public domain, free for everyone to use",,en,Others
87,https://openlibrary.org,https://twitter.com/OpenLibrary,,Welcome to Open Library | Open Library,"Open Library is an open, editable library catalog, building towards a web page for every book ever published. Read, borrow, and discover more than 3M books for free.",,,Others
88,https://gutenberg.org,"https://www.facebook.com/project.gutenberg, https://twitter.com/gutenberg_org, https://www.facebook.com/gutenberg.new",,Free eBooks | Project Gutenberg,Project Gutenberg is a library of free eBooks.,paypal,en,Others
89,https://www.ted.com/talks,"https://www.linkedin.com/company/ted-conferences/, https://twitter.com/tedtalks, https://instagram.com/ted, https://www.youtube.com/ted, https://www.facebook.com/TED",,TED: Ideas change everything,"TED Talks are influential videos from expert speakers on education, business, science, tech and creativity, with subtitles in 100+ languages. Ideas free to stream and download.",stripe,,Others
90,https://www.grammarly.com,"https://www.facebook.com/grammarly, https://www.instagram.com/grammarly/, https://twitter.com/grammarly, https://www.linkedin.com/company/grammarly",,Grammarly: Free AI Writing Assistance,Grammarly makes AI writing convenient. Work smarter with personalized AI guidance and text generation on any app or website.,,en-US,Others
91,https://www.si.edu/home,"https://www.facebook.com/Smithsonian, https://instagram.com/smithsonian, https://www.youtube.com/c/smithsonian, https://www.linkedin.com/company/smithsonian-institution",jQuery,Smithsonian Institution | Home,"Official website of the Smithsonian, the world's largest museum and research complex, with 21 museums, 9 research centers, and affiliates around the world.",stripe,en,Others
92,https://spotthestation.nasa.gov/tracking_map.cfm,"https://twitter.com/share?ref_src=twsrc%5Etfw, https://twitter.com/share?ref_src=twsrc%5Etfw",jQuery,Live Space Station Tracking Map | Spot The Station | NASA,"Learn more about signing up, using Spot the Station and tracking the ISS+F108",square,en,Others
93,https://data.gov/,https://twitter.com/usdatagov,jQuery,Data.gov Home - Data.gov,,,en,Others
94,https://www.propublica.org,"https://www.facebook.com/propublica, https://twitter.com/propublica, https://www.instagram.com/propublica/, https://twitter.com/propublica, https://www.facebook.com/propublica/, https://www.youtube.com/user/propublica",,ProPublica — Investigative Journalism and News in the Public Interest,"ProPublica is an independent, non-profit newsroom that produces investigative journalism in the public interest.",square,en,Others
95,https://wayback-api.archive.org/,,,Wayback Machine,,,en,Others
96,https://arxiv.org/,,,arXiv.org e-Print archive,,,en,Others
97,https://science.nasa.gov/climate-change/,"https://www.facebook.com/NASA, https://www.instagram.com/nasa/, https://www.youtube.com/@NASA",,Climate Change - NASA Science,NASA is a global leader in studying Earth’s changing climate.,square,en-US,Others
98,https://data.world/,"https://twitter.com/datadotworld, https://www.linkedin.com/company/data.world/",,The Data Catalog Platform | data.world,Discover data and metadata in seconds and develop data products and analytics that drive your business.,square,en,Others
99,https://www.kaggle.com/datasets,,,Find Open Datasets and Machine Learning Projects | Kaggle,"Download Open Datasets on 1000s of Projects + Share Projects on One Platform. Explore Popular Topics Like Government, Sports, Medicine, Fintech, Food, More. Flexible Data Ingestion.",,en,Others
100,https://librivox.org/,http://twitter.com/librivox,jQuery, LibriVox  | free public domain audiobooks ,,,en-US,Others
